INSERT INTO author (id, name) VALUES (1, 'J.K. Rowling');
INSERT INTO author (id, name) VALUES (2, 'George R.R. Martin');
INSERT INTO author (id, name) VALUES (3, 'J.R.R. Tolkien');
INSERT INTO author (id, name) VALUES (4, 'Isaac Asimov');
INSERT INTO author (id, name) VALUES (5, 'Ernest Hemingway');
INSERT INTO author (id, name) VALUES (6, 'Agatha Christie');
INSERT INTO author (id, name) VALUES (7, 'Stephen King');
INSERT INTO author (id, name) VALUES (8, 'F. Scott Fitzgerald');
INSERT INTO author (id, name) VALUES (9, 'Orson Scott Card');
INSERT INTO author (id, name) VALUES (10, 'Margaret Atwood');
INSERT INTO author (id, name) VALUES (11, 'Neil Gaiman');
INSERT INTO author (id, name) VALUES (12, 'Kazuo Ishiguro');
INSERT INTO author (id, name) VALUES (13, 'Toni Morrison');
INSERT INTO author (id, name) VALUES (14, 'Haruki Murakami');
INSERT INTO author (id, name) VALUES (15, 'Gabriel García Márquez');
INSERT INTO author (id, name) VALUES (16, 'Jane Austen');
INSERT INTO author (id, name) VALUES (17, 'Charles Dickens');
INSERT INTO author (id, name) VALUES (18, 'Leo Tolstoy');
INSERT INTO author (id, name) VALUES (19, 'Virginia Woolf');
INSERT INTO author (id, name) VALUES (20, 'Mark Twain');
INSERT INTO author (id, name) VALUES (21, 'Fyodor Dostoevsky');
INSERT INTO author (id, name) VALUES (22, 'Herman Melville');
INSERT INTO author (id, name) VALUES (23, 'Emily Brontë');
INSERT INTO author (id, name) VALUES (24, 'Mary Shelley');
INSERT INTO author (id, name) VALUES (25, 'Oscar Wilde');
INSERT INTO author (id, name) VALUES (26, 'H.G. Wells');
INSERT INTO author (id, name) VALUES (27, 'George Orwell');
INSERT INTO author (id, name) VALUES (28, 'Aldous Huxley');
INSERT INTO author (id, name) VALUES (29, 'Ray Bradbury');

INSERT INTO publisher (id, name) VALUES (1, 'Penguin');
INSERT INTO publisher (id, name) VALUES (2, 'Random House');
INSERT INTO publisher (id, name) VALUES (3, 'HarperCollins');
INSERT INTO publisher (id, name) VALUES (4, 'Scholastic');
INSERT INTO publisher (id, name) VALUES (5, 'Simon & Schuster');
INSERT INTO publisher (id, name) VALUES (6, 'Hachette');
INSERT INTO publisher (id, name) VALUES (7, 'Doubleday');
INSERT INTO publisher (id, name) VALUES (8, 'Macmillan');
INSERT INTO publisher (id, name) VALUES (9, 'Vintage Books');
INSERT INTO publisher (id, name) VALUES (10, 'Oxford University Press');
INSERT INTO publisher (id, name) VALUES (11, 'Bloomsbury');
INSERT INTO publisher (id, name) VALUES (12, 'Penguin Classics');
INSERT INTO publisher (id, name) VALUES (13, 'Tor Books');
INSERT INTO publisher (id, name) VALUES (14, 'Grove Press');
INSERT INTO publisher (id, name) VALUES (15, 'Bantam Books');

INSERT INTO book (isbn, title, publication_year, copies, borrowed_copies, author_id, publisher_id) VALUES ('514711a3-77b7-11ee-b0c5-18c04d9178bc', 'Harry Potter and the Sorcerer''s Stone', 1997, 0, 0, 1, 4);
INSERT INTO book (isbn, title, publication_year, copies, borrowed_copies, author_id, publisher_id) VALUES ('515b7e9a-77b7-11ee-b0c5-18c04d9178bc', 'A Game of Thrones', 1996, 0, 0, 2, 1);
INSERT INTO book (isbn, title, publication_year, copies, borrowed_copies, author_id, publisher_id) VALUES ('5168da5c-77b7-11ee-b0c5-18c04d9178bc', 'The Hobbit', 1937, 0, 0, 3, 2);
INSERT INTO book (isbn, title, publication_year, copies, borrowed_copies, author_id, publisher_id) VALUES ('5185ef02-77b7-11ee-b0c5-18c04d9178bc', 'Foundation', 1951, 0, 0, 4, 3);
INSERT INTO book (isbn, title, publication_year, copies, borrowed_copies, author_id, publisher_id) VALUES ('51a206f2-77b7-11ee-b0c5-18c04d9178bc', 'The Old Man and the Sea', 1952, 0, 0, 5, 5);
INSERT INTO book (isbn, title, publication_year, copies, borrowed_copies, author_id, publisher_id) VALUES ('514cc5eb-77b7-11ee-b0c5-18c04d9178bc', 'Harry Potter and the Chamber of Secrets', 1998, 0, 0, 1, 4);
INSERT INTO book (isbn, title, publication_year, copies, borrowed_copies, author_id, publisher_id) VALUES ('515ea86b-77b7-11ee-b0c5-18c04d9178bc', 'A Clash of Kings', 1998, 0, 0, 2, 1);
INSERT INTO book (isbn, title, publication_year, copies, borrowed_copies, author_id, publisher_id) VALUES ('516c437a-77b7-11ee-b0c5-18c04d9178bc', 'The Fellowship of the Ring', 1954, 0, 0, 3, 2);
INSERT INTO book (isbn, title, publication_year, copies, borrowed_copies, author_id, publisher_id) VALUES ('5188e73e-77b7-11ee-b0c5-18c04d9178bc', 'Foundation and Empire', 1952, 0, 0, 4, 3);
INSERT INTO book (isbn, title, publication_year, copies, borrowed_copies, author_id, publisher_id) VALUES ('51a50e2b-77b7-11ee-b0c5-18c04d9178bc', 'For Whom the Bell Tolls', 1940, 0, 0, 5, 5);
INSERT INTO book (isbn, title, publication_year, copies, borrowed_copies, author_id, publisher_id) VALUES ('514fdab5-77b7-11ee-b0c5-18c04d9178bc', 'Harry Potter and the Prisoner of Azkaban', 1999, 0, 0, 1, 4);
INSERT INTO book (isbn, title, publication_year, copies, borrowed_copies, author_id, publisher_id) VALUES ('51613ce4-77b7-11ee-b0c5-18c04d9178bc', 'A Storm of Swords', 2000, 0, 0, 2, 1);
INSERT INTO book (isbn, title, publication_year, copies, borrowed_copies, author_id, publisher_id) VALUES ('5170557b-77b7-11ee-b0c5-18c04d9178bc', 'The Two Towers', 1954, 0, 0, 3, 2);
INSERT INTO book (isbn, title, publication_year, copies, borrowed_copies, author_id, publisher_id) VALUES ('518c2b25-77b7-11ee-b0c5-18c04d9178bc', 'Second Foundation', 1953, 0, 0, 4, 3);
INSERT INTO book (isbn, title, publication_year, copies, borrowed_copies, author_id, publisher_id) VALUES ('51532422-77b7-11ee-b0c5-18c04d9178bc', 'A Farewell to Arms', 1929, 0, 0, 5, 5);
INSERT INTO book (isbn, title, publication_year, copies, borrowed_copies, author_id, publisher_id) VALUES ('5163c008-77b7-11ee-b0c5-18c04d9178bc', 'Murder on the Orient Express', 1934, 0, 0, 6, 6);
INSERT INTO book (isbn, title, publication_year, copies, borrowed_copies, author_id, publisher_id) VALUES ('5173578c-77b7-11ee-b0c5-18c04d9178bc', 'It', 1986, 0, 0, 7, 6);
INSERT INTO book (isbn, title, publication_year, copies, borrowed_copies, author_id, publisher_id) VALUES ('518fca1b-77b7-11ee-b0c5-18c04d9178bc', 'The Great Gatsby', 1925, 0, 0, 8, 5);
INSERT INTO book (isbn, title, publication_year, copies, borrowed_copies, author_id, publisher_id) VALUES ('51561cfb-77b7-11ee-b0c5-18c04d9178bc', 'Ender''s Game', 1985, 0, 0, 9, 1);
INSERT INTO book (isbn, title, publication_year, copies, borrowed_copies, author_id, publisher_id) VALUES ('51664fc4-77b7-11ee-b0c5-18c04d9178bc', 'Harry Potter and the Goblet of Fire', 2000, 0, 0, 1, 4);
INSERT INTO book (isbn, title, publication_year, copies, borrowed_copies, author_id, publisher_id) VALUES ('51765f30-77b7-11ee-b0c5-18c04d9178bc', 'A Feast for Crows', 2005, 0, 0, 2, 1);
INSERT INTO book (isbn, title, publication_year, copies, borrowed_copies, author_id, publisher_id) VALUES ('51930cb7-77b7-11ee-b0c5-18c04d9178bc', 'The Return of the King', 1955, 0, 0, 3, 2);
INSERT INTO book (isbn, title, publication_year, copies, borrowed_copies, author_id, publisher_id) VALUES ('51799237-77b7-11ee-b0c5-18c04d9178bc', 'Robots and Empire', 1985, 0, 0, 4, 2);
INSERT INTO book (isbn, title, publication_year, copies, borrowed_copies, author_id, publisher_id) VALUES ('5195c7aa-77b7-11ee-b0c5-18c04d9178bc', 'To Have and Have Not', 1937, 0, 0, 5, 5);
INSERT INTO book (isbn, title, publication_year, copies, borrowed_copies, author_id, publisher_id) VALUES ('517cd2f3-77b7-11ee-b0c5-18c04d9178bc', 'And Then There Were None', 1939, 0, 0, 6, 6);
INSERT INTO book (isbn, title, publication_year, copies, borrowed_copies, author_id, publisher_id) VALUES ('51989ec8-77b7-11ee-b0c5-18c04d9178bc', 'The Shining', 1977, 0, 0, 7, 7);
INSERT INTO book (isbn, title, publication_year, copies, borrowed_copies, author_id, publisher_id) VALUES ('517fd338-77b7-11ee-b0c5-18c04d9178bc', 'Tender Is the Night', 1934, 0, 0, 8, 5);
INSERT INTO book (isbn, title, publication_year, copies, borrowed_copies, author_id, publisher_id) VALUES ('519be518-77b7-11ee-b0c5-18c04d9178bc', 'Speaker for the Dead', 1986, 0, 0, 9, 1);
INSERT INTO book (isbn, title, publication_year, copies, borrowed_copies, author_id, publisher_id) VALUES ('5182df3d-77b7-11ee-b0c5-18c04d9178bc', 'Harry Potter and the Order of the Phoenix', 2003, 0, 0, 1, 4);
INSERT INTO book (isbn, title, publication_year, copies, borrowed_copies, author_id, publisher_id) VALUES ('519ed69c-77b7-11ee-b0c5-18c04d9178bc', 'A Dance with Dragons', 2011, 0, 0, 2, 1);
INSERT INTO book (isbn, title, publication_year, copies, borrowed_copies, author_id, publisher_id) VALUES ('514711a3-78b7-11ee-b0c5-18c04d9178bc', 'The Handmaid''s Tale', 1985, 0, 0, 10, 1);
INSERT INTO book (isbn, title, publication_year, copies, borrowed_copies, author_id, publisher_id) VALUES ('515b7e9a-78b7-11ee-b0c5-18c04d9178bc', 'American Gods', 2001, 0, 0, 11, 2);
INSERT INTO book (isbn, title, publication_year, copies, borrowed_copies, author_id, publisher_id) VALUES ('5168da5c-78b7-11ee-b0c5-18c04d9178bc', 'Never Let Me Go', 2005, 0, 0, 12, 3);
INSERT INTO book (isbn, title, publication_year, copies, borrowed_copies, author_id, publisher_id) VALUES ('5185ef02-78b7-11ee-b0c5-18c04d9178bc', 'Beloved', 1987, 0, 0, 13, 4);
INSERT INTO book (isbn, title, publication_year, copies, borrowed_copies, author_id, publisher_id) VALUES ('51a206f2-78b7-11ee-b0c5-18c04d9178bc', 'Kafka on the Shore', 2002, 0, 0, 14, 5);
INSERT INTO book (isbn, title, publication_year, copies, borrowed_copies, author_id, publisher_id) VALUES ('514cc5eb-78b7-11ee-b0c5-18c04d9178bc', 'One Hundred Years of Solitude', 1967, 0, 0, 15, 6);
INSERT INTO book (isbn, title, publication_year, copies, borrowed_copies, author_id, publisher_id) VALUES ('515ea86b-78b7-11ee-b0c5-18c04d9178bc', 'Pride and Prejudice', 1813, 0, 0, 16, 7);
INSERT INTO book (isbn, title, publication_year, copies, borrowed_copies, author_id, publisher_id) VALUES ('516c437a-78b7-11ee-b0c5-18c04d9178bc', 'Great Expectations', 1861, 0, 0, 17, 8);
INSERT INTO book (isbn, title, publication_year, copies, borrowed_copies, author_id, publisher_id) VALUES ('5188e73e-78b7-11ee-b0c5-18c04d9178bc', 'War and Peace', 1869, 0, 0, 18, 9);
INSERT INTO book (isbn, title, publication_year, copies, borrowed_copies, author_id, publisher_id) VALUES ('51a50e2b-78b7-11ee-b0c5-18c04d9178bc', 'Mrs. Dalloway', 1925, 0, 0, 19, 10);
INSERT INTO book (isbn, title, publication_year, copies, borrowed_copies, author_id, publisher_id) VALUES ('514fdab5-78b7-11ee-b0c5-18c04d9178bc', 'Adventures of Huckleberry Finn', 1884, 0, 0, 20, 11);
INSERT INTO book (isbn, title, publication_year, copies, borrowed_copies, author_id, publisher_id) VALUES ('51613ce4-78b7-11ee-b0c5-18c04d9178bc', 'Crime and Punishment', 1866, 0, 0, 21, 12);
INSERT INTO book (isbn, title, publication_year, copies, borrowed_copies, author_id, publisher_id) VALUES ('5170557b-78b7-11ee-b0c5-18c04d9178bc', 'Moby-Dick', 1851, 0, 0, 22, 13);
INSERT INTO book (isbn, title, publication_year, copies, borrowed_copies, author_id, publisher_id) VALUES ('518c2b25-78b7-11ee-b0c5-18c04d9178bc', 'Wuthering Heights', 1847, 0, 0, 23, 14);
INSERT INTO book (isbn, title, publication_year, copies, borrowed_copies, author_id, publisher_id) VALUES ('51532422-78b7-11ee-b0c5-18c04d9178bc', 'Frankenstein', 1818, 0, 0, 24, 15);
INSERT INTO book (isbn, title, publication_year, copies, borrowed_copies, author_id, publisher_id) VALUES ('5163c008-78b7-11ee-b0c5-18c04d9178bc', 'The Picture of Dorian Gray', 1890, 0, 0, 25, 1);
INSERT INTO book (isbn, title, publication_year, copies, borrowed_copies, author_id, publisher_id) VALUES ('5173578c-78b7-11ee-b0c5-18c04d9178bc', 'The Time Machine', 1895, 0, 0, 26, 2);
INSERT INTO book (isbn, title, publication_year, copies, borrowed_copies, author_id, publisher_id) VALUES ('518fca1b-78b7-11ee-b0c5-18c04d9178bc', '1984', 1949, 0, 0, 27, 3);
INSERT INTO book (isbn, title, publication_year, copies, borrowed_copies, author_id, publisher_id) VALUES ('51561cfb-78b7-11ee-b0c5-18c04d9178bc', 'Brave New World', 1932, 0, 0, 28, 4);
INSERT INTO book (isbn, title, publication_year, copies, borrowed_copies, author_id, publisher_id) VALUES ('51664fc4-78b7-11ee-b0c5-18c04d9178bc', 'Fahrenheit 451', 1953, 0, 0, 29, 5);
INSERT INTO book (isbn, title, publication_year, copies, borrowed_copies, author_id, publisher_id) VALUES ('51765f30-78b7-11ee-b0c5-18c04d9178bc', 'The Blind Assassin', 2000, 0, 0, 10, 6);
INSERT INTO book (isbn, title, publication_year, copies, borrowed_copies, author_id, publisher_id) VALUES ('51930cb7-78b7-11ee-b0c5-18c04d9178bc', 'Coraline', 2002, 0, 0, 11, 7);
INSERT INTO book (isbn, title, publication_year, copies, borrowed_copies, author_id, publisher_id) VALUES ('51799237-78b7-11ee-b0c5-18c04d9178bc', 'The Remains of the Day', 1989, 0, 0, 12, 8);
INSERT INTO book (isbn, title, publication_year, copies, borrowed_copies, author_id, publisher_id) VALUES ('5195c7aa-78b7-11ee-b0c5-18c04d9178bc', 'Song of Solomon', 1977, 0, 0, 13, 9);
INSERT INTO book (isbn, title, publication_year, copies, borrowed_copies, author_id, publisher_id) VALUES ('517cd2f3-78b7-11ee-b0c5-18c04d9178bc', 'Norwegian Wood', 1987, 0, 0, 14, 10);
INSERT INTO book (isbn, title, publication_year, copies, borrowed_copies, author_id, publisher_id) VALUES ('51989ec8-78b7-11ee-b0c5-18c04d9178bc', 'Love in the Time of Cholera', 1985, 0, 0, 15, 11);
INSERT INTO book (isbn, title, publication_year, copies, borrowed_copies, author_id, publisher_id) VALUES ('517fd338-78b7-11ee-b0c5-18c04d9178bc', 'Sense and Sensibility', 1811, 0, 0, 16, 12);
INSERT INTO book (isbn, title, publication_year, copies, borrowed_copies, author_id, publisher_id) VALUES ('519be518-78b7-11ee-b0c5-18c04d9178bc', 'A Tale of Two Cities', 1859, 0, 0, 17, 13);
INSERT INTO book (isbn, title, publication_year, copies, borrowed_copies, author_id, publisher_id) VALUES ('5182df3d-78b7-11ee-b0c5-18c04d9178bc', 'Anna Karenina', 1877, 0, 0, 18, 14);
INSERT INTO book (isbn, title, publication_year, copies, borrowed_copies, author_id, publisher_id) VALUES ('519ed69c-78b7-11ee-b0c5-18c04d9178bc', 'To the Lighthouse', 1927, 0, 0, 19, 15);