INSERT INTO author (id, name) VALUES (1, 'J.K. Rowling');
INSERT INTO author (id, name) VALUES (2, 'George R.R. Martin');
INSERT INTO author (id, name) VALUES (3, 'J.R.R. Tolkien');
INSERT INTO author (id, name) VALUES (4, 'Isaac Asimov');
INSERT INTO author (id, name) VALUES (5, 'Ernest Hemingway');
INSERT INTO author (id, name) VALUES (6, 'Agatha Christie');
INSERT INTO author (id, name) VALUES (7, 'Stephen King');
INSERT INTO author (id, name) VALUES (8, 'F. Scott Fitzgerald');
INSERT INTO author (id, name) VALUES (9, 'Orson Scott Card');

INSERT INTO publisher (id, name) VALUES (1, 'Penguin');
INSERT INTO publisher (id, name) VALUES (2, 'Random House');
INSERT INTO publisher (id, name) VALUES (3, 'HarperCollins');
INSERT INTO publisher (id, name) VALUES (4, 'Scholastic');
INSERT INTO publisher (id, name) VALUES (5, 'Simon & Schuster');
INSERT INTO publisher (id, name) VALUES (6, 'Hachette');
INSERT INTO publisher (id, name) VALUES (7, 'Doubleday');

INSERT INTO book (isbn, title, year, copies, borrowed_copies, author_id, publisher_id) VALUES ('514711a3-77b7-11ee-b0c5-18c04d9178bc', "Harry Potter and the Sorcerer's Stone", 1997, 0, 0, 1, 4);
INSERT INTO book (isbn, title, year, copies, borrowed_copies, author_id, publisher_id) VALUES ('515b7e9a-77b7-11ee-b0c5-18c04d9178bc', "A Game of Thrones", 1996, 0, 0, 2, 1);
INSERT INTO book (isbn, title, year, copies, borrowed_copies, author_id, publisher_id) VALUES ('5168da5c-77b7-11ee-b0c5-18c04d9178bc', "The Hobbit", 1937, 0, 0, 3, 2);
INSERT INTO book (isbn, title, year, copies, borrowed_copies, author_id, publisher_id) VALUES ('5185ef02-77b7-11ee-b0c5-18c04d9178bc', "Foundation", 1951, 0, 0, 4, 3);
INSERT INTO book (isbn, title, year, copies, borrowed_copies, author_id, publisher_id) VALUES ('51a206f2-77b7-11ee-b0c5-18c04d9178bc', "The Old Man and the Sea", 1952, 0, 0, 5, 5);
INSERT INTO book (isbn, title, year, copies, borrowed_copies, author_id, publisher_id) VALUES ('514cc5eb-77b7-11ee-b0c5-18c04d9178bc', "Harry Potter and the Chamber of Secrets", 1998, 0, 0, 1, 4);
INSERT INTO book (isbn, title, year, copies, borrowed_copies, author_id, publisher_id) VALUES ('515ea86b-77b7-11ee-b0c5-18c04d9178bc', "A Clash of Kings", 1998, 0, 0, 2, 1);
INSERT INTO book (isbn, title, year, copies, borrowed_copies, author_id, publisher_id) VALUES ('516c437a-77b7-11ee-b0c5-18c04d9178bc', "The Fellowship of the Ring", 1954, 0, 0, 3, 2);
INSERT INTO book (isbn, title, year, copies, borrowed_copies, author_id, publisher_id) VALUES ('5188e73e-77b7-11ee-b0c5-18c04d9178bc', "Foundation and Empire", 1952, 0, 0, 4, 3);
INSERT INTO book (isbn, title, year, copies, borrowed_copies, author_id, publisher_id) VALUES ('51a50e2b-77b7-11ee-b0c5-18c04d9178bc', "For Whom the Bell Tolls", 1940, 0, 0, 5, 5);
INSERT INTO book (isbn, title, year, copies, borrowed_copies, author_id, publisher_id) VALUES ('514fdab5-77b7-11ee-b0c5-18c04d9178bc', "Harry Potter and the Prisoner of Azkaban", 1999, 0, 0, 1, 4);
INSERT INTO book (isbn, title, year, copies, borrowed_copies, author_id, publisher_id) VALUES ('51613ce4-77b7-11ee-b0c5-18c04d9178bc', "A Storm of Swords", 2000, 0, 0, 2, 1);
INSERT INTO book (isbn, title, year, copies, borrowed_copies, author_id, publisher_id) VALUES ('5170557b-77b7-11ee-b0c5-18c04d9178bc', "The Two Towers", 1954, 0, 0, 3, 2);
INSERT INTO book (isbn, title, year, copies, borrowed_copies, author_id, publisher_id) VALUES ('518c2b25-77b7-11ee-b0c5-18c04d9178bc', "Second Foundation", 1953, 0, 0, 4, 3);
INSERT INTO book (isbn, title, year, copies, borrowed_copies, author_id, publisher_id) VALUES ('51532422-77b7-11ee-b0c5-18c04d9178bc', "A Farewell to Arms", 1929, 0, 0, 5, 5);
INSERT INTO book (isbn, title, year, copies, borrowed_copies, author_id, publisher_id) VALUES ('5163c008-77b7-11ee-b0c5-18c04d9178bc', "Murder on the Orient Express", 1934, 0, 0, 6, 6);
INSERT INTO book (isbn, title, year, copies, borrowed_copies, author_id, publisher_id) VALUES ('5173578c-77b7-11ee-b0c5-18c04d9178bc', "It", 1986, 0, 0, 7, 6);
INSERT INTO book (isbn, title, year, copies, borrowed_copies, author_id, publisher_id) VALUES ('518fca1b-77b7-11ee-b0c5-18c04d9178bc', "The Great Gatsby", 1925, 0, 0, 8, 5);
INSERT INTO book (isbn, title, year, copies, borrowed_copies, author_id, publisher_id) VALUES ('51561cfb-77b7-11ee-b0c5-18c04d9178bc', "Ender's Game", 1985, 0, 0, 9, 1);
INSERT INTO book (isbn, title, year, copies, borrowed_copies, author_id, publisher_id) VALUES ('51664fc4-77b7-11ee-b0c5-18c04d9178bc', "Harry Potter and the Goblet of Fire", 2000, 0, 0, 1, 4);
INSERT INTO book (isbn, title, year, copies, borrowed_copies, author_id, publisher_id) VALUES ('51765f30-77b7-11ee-b0c5-18c04d9178bc', "A Feast for Crows", 2005, 0, 0, 2, 1);
INSERT INTO book (isbn, title, year, copies, borrowed_copies, author_id, publisher_id) VALUES ('51930cb7-77b7-11ee-b0c5-18c04d9178bc', "The Return of the King", 1955, 0, 0, 3, 2);
INSERT INTO book (isbn, title, year, copies, borrowed_copies, author_id, publisher_id) VALUES ('51799237-77b7-11ee-b0c5-18c04d9178bc', "Robots and Empire", 1985, 0, 0, 4, 2);
INSERT INTO book (isbn, title, year, copies, borrowed_copies, author_id, publisher_id) VALUES ('5195c7aa-77b7-11ee-b0c5-18c04d9178bc', "To Have and Have Not", 1937, 0, 0, 5, 5);
INSERT INTO book (isbn, title, year, copies, borrowed_copies, author_id, publisher_id) VALUES ('517cd2f3-77b7-11ee-b0c5-18c04d9178bc', "And Then There Were None", 1939, 0, 0, 6, 6);
INSERT INTO book (isbn, title, year, copies, borrowed_copies, author_id, publisher_id) VALUES ('51989ec8-77b7-11ee-b0c5-18c04d9178bc', "The Shining", 1977, 0, 0, 7, 7);
INSERT INTO book (isbn, title, year, copies, borrowed_copies, author_id, publisher_id) VALUES ('517fd338-77b7-11ee-b0c5-18c04d9178bc', "Tender Is the Night", 1934, 0, 0, 8, 5);
INSERT INTO book (isbn, title, year, copies, borrowed_copies, author_id, publisher_id) VALUES ('519be518-77b7-11ee-b0c5-18c04d9178bc', "Speaker for the Dead", 1986, 0, 0, 9, 1);
INSERT INTO book (isbn, title, year, copies, borrowed_copies, author_id, publisher_id) VALUES ('5182df3d-77b7-11ee-b0c5-18c04d9178bc', "Harry Potter and the Order of the Phoenix", 2003, 0, 0, 1, 4);
INSERT INTO book (isbn, title, year, copies, borrowed_copies, author_id, publisher_id) VALUES ('519ed69c-77b7-11ee-b0c5-18c04d9178bc', "A Dance with Dragons", 2011, 0, 0, 2, 1);
